{"stats":{"minecraft:killed_by":{"untamedwilds:boar":1},"minecraft:mined":{"minecraft:tall_grass":1},"minecraft:dropped":{"aquamirae:poisoned_chakra":1,"tombstone:grave_key":1},"minecraft:custom":{"minecraft:time_since_rest":1712,"minecraft:interact_with_smithing_table":1,"minecraft:sprint_one_cm":30174,"minecraft:damage_taken":527,"minecraft:walk_one_cm":68558,"minecraft:mob_kills":1,"minecraft:drop":2,"minecraft:damage_dealt":632,"minecraft:damage_dealt_absorbed":40,"minecraft:fly_one_cm":808772,"minecraft:open_barrel":7,"minecraft:open_chest":9,"minecraft:crouch_one_cm":1364,"minecraft:play_time":24718,"minecraft:deaths":2,"minecraft:sneak_time":858,"minecraft:walk_under_water_one_cm":3516,"minecraft:jump":176,"minecraft:leave_game":3,"minecraft:time_since_death":4111,"minecraft:walk_on_water_one_cm":604,"minecraft:total_world_time":24718,"minecraft:climb_one_cm":1668,"minecraft:fall_one_cm":1941},"minecraft:killed":{"dungeonsweaponry:enchanter":1},"minecraft:used":{"regions_unexplored:silt_dirt":15,"minecraft:apple":1,"lets_forge_bronze_and_iron:red_samurai_chestplate":1,"minecraft:packed_mud":28,"regions_unexplored:silt_grass_block":28,"epicfight:diamond_greatsword":5,"lets_forge_bronze_and_iron:red_samurai_helmet":1,"minecraft:sand":3,"lets_forge_bronze_and_iron:red_samurai_boots":1,"lets_forge_bronze_and_iron:red_samurai_leggings":1},"minecraft:picked_up":{"occultism:datura_seeds":6,"regions_unexplored:silt_dirt":16,"minecraft:packed_mud":1,"gamma_beasts:oak_leaf":2,"minecraft:dirt":15,"untamedwilds:hide_white":2,"untamedwilds:food_bear_raw":3,"untamedwilds:flora_junegrass":2,"minecraft:bone":3,"minecraft:apple":3,"untamedwilds:material_fat":2,"minecraft:wheat_seeds":2}},"DataVersion":3465}