{"stats":{"minecraft:mined":{"minecraft:grass_block":1,"minecraft:dirt":1},"minecraft:killed":{"minecraft:pig":1},"minecraft:picked_up":{"minecraft:porkchop":2,"minecraft:dirt":2},"minecraft:used":{"minecraft:dirt":2},"minecraft:custom":{"minecraft:jump":80,"minecraft:time_since_rest":3435,"minecraft:damage_dealt":100,"minecraft:leave_game":1,"minecraft:sprint_one_cm":8030,"minecraft:play_time":3435,"minecraft:damage_taken":40,"minecraft:time_since_death":3435,"minecraft:walk_one_cm":6290,"minecraft:total_world_time":3435,"minecraft:mob_kills":1,"minecraft:fall_one_cm":4184,"minecraft:fly_one_cm":16687}},"DataVersion":3465}