{"stats":{"minecraft:custom":{"minecraft:open_barrel":7,"minecraft:time_since_rest":17593,"minecraft:open_chest":9,"minecraft:interact_with_smithing_table":1,"minecraft:crouch_one_cm":1364,"minecraft:play_time":17593,"minecraft:sprint_one_cm":20701,"minecraft:walk_one_cm":47884,"minecraft:sneak_time":784,"minecraft:jump":133,"minecraft:damage_dealt":15,"minecraft:walk_on_water_one_cm":84,"minecraft:leave_game":1,"minecraft:time_since_death":17593,"minecraft:climb_one_cm":1668,"minecraft:total_world_time":17593,"minecraft:damage_dealt_absorbed":40,"minecraft:fall_one_cm":1941,"minecraft:fly_one_cm":705117},"minecraft:picked_up":{"minecraft:bone":3,"minecraft:apple":1,"untamedwilds:material_fat":2,"regions_unexplored:silt_dirt":16,"minecraft:packed_mud":1,"gamma_beasts:oak_leaf":1,"untamedwilds:food_bear_raw":3,"minecraft:dirt":15,"untamedwilds:hide_white":2},"minecraft:used":{"minecraft:apple":1,"minecraft:sand":3,"minecraft:packed_mud":28,"regions_unexplored:silt_grass_block":28,"regions_unexplored:silt_dirt":15}},"DataVersion":3465}